Country,Indicator,1990,1991,1992,1993,1994,1995,1996,1997,1998,1999,2000,2001,2002,2003,2004,2005,2006,2007,2008,2009,2010,2011,2012,2013,2014,2015,2016,2017,2018,2019,2020,2021
Holy See,Population,762,773,780,777,778,784,787,786,788,790,792,792,792,795,798,795,794,792,787,783,786,786,786,785,790,791,798,810,815,809,812,808
Tuvalu,Population,9010,9110,9190,9260,9300,9320,9330,9330,9340,9390,9480,9590,9720,9870,10000,10.1k,10.2k,10.3k,10.4k,10.5k,10.6k,10.7k,10.8k,11k,11.1k,11.2k,11.4k,11.5k,11.7k,11.8k,11.9k,12.1k
Angola,Income,1650,1600,1240,1290,1520,1760,1940,2080,2190,2320,2490,2900,3120,3520,4270,5560,6920,7820,7750,7690,7680,8040,8140,8240,8040,7570,7310,6930,6670,6220,6060,6020
Albania,Income,3510,3280,3610,3930,4490,4930,4420,4840,5490,5910,6460,6780,7180,7610,8070,8600,9180,9940,10.3k,10.8k,11.1k,11.3k,11.4k,11.6k,11.9k,12.3k,12.8k,13.4k,13.7k,13.3k,13.9k,14.5k
Armenia,Income,4620,2740,2550,2760,3010,3230,3380,3650,3800,4050,4460,5080,5820,6470,7420,8460,9710,10.5k,9050,9290,9730,10.4k,10.7k,11k,11.3k,11.3k,12.1k,12.7k,13.7k,12.6k,12.7k,13.2k
Azerbaijan,Income,7590,5780,4380,3470,3030,3030,3180,3460,3690,4060,4430,4810,5270,5700,7220,9610,11.9k,12.9k,13.8k,14.3k,13.9k,14k,14.7k,14.9k,14.9k,14.2k,14.1k,14.2k,14.4k,13.6k,13.8k,13.8k
Burundi,Income,1220,1200,1110,1050,948,861,839,870,850,828,826,840,805,817,799,815,816,828,832,846,853,863,877,886,825,795,774,762,752,720,719,724
Benin,Income,2190,2180,2230,2200,2250,2280,2340,2360,2410,2480,2530,2570,2580,2610,2580,2610,2690,2740,2720,2710,2710,2760,2880,2980,2950,2960,3050,3160,3290,3260,3330,3430
Burkina Faso,Income,1080,1050,1060,1050,1080,1160,1200,1250,1310,1300,1340,1360,1430,1450,1530,1580,1590,1630,1630,1720,1780,1840,1880,1910,1930,1980,2040,2120,2180,2130,2160,2210
Bangladesh,Income,1540,1580,1620,1650,1700,1740,1780,1830,1880,1940,2000,2040,2100,2170,2280,2400,2540,2660,2760,2880,3040,3200,3350,3510,3700,3920,4160,4440,4750,4680,5030,5350
Bosnia and Herzegovina,Income,3130,2260,1610,1660,2060,3960,5360,6200,6780,7140,7440,7830,8140,8630,9380,9890,10.5k,11.1k,10.8k,11k,11.2k,11.3k,11.8k,12.1k,12.7k,13.2k,13.8k,14.4k,14.9k,14.2k,14.8k,15.3k
Belize,Income,5250,5780,6040,5930,5820,5720,5710,5700,5970,6520,6620,6740,7180,7330,7280,7430,7280,7340,7170,7210,7180,7180,7110,7210,7260,7120,7110,7120,7010,5870,5850,6100
Bolivia,Income,4730,4710,4810,4930,5050,5160,5310,5470,5390,5420,5400,5430,5480,5610,5750,5920,6090,6350,6460,6610,6850,7080,7440,7730,7980,8200,8420,8660,8720,7940,8250,8470
Bhutan,Income,2750,2880,2950,3100,3300,3440,3560,3680,3880,4060,4310,4690,4960,5170,5460,5760,6740,7000,7390,8190,8750,9080,9160,9570,10.1k,10.8k,11.1k,11.3k,11.8k,11.6k,11.3k,11.8k
Central African Republic,Income,1170,1060,1030,1050,1100,1030,1060,1080,1090,1040,1060,1080,999,1040,1030,1060,1080,1090,1160,1200,1240,1300,825,823,853,884,913,933,945,928,943,971
China,Income,1540,1730,1950,2180,2390,2600,2810,3000,3210,3450,3710,4020,4400,4820,5340,5980,6800,7410,8070,8890,9690,10.4k,11.2k,11.9k,12.7k,13.5k,14.3k,15.2k,16.1k,16.4k,17.7k,18.7k
Cote d'Ivoire,Income,2340,2310,2280,2250,2340,2510,2630,2750,2780,2710,2700,2640,2600,2620,2660,2700,2740,2800,2890,2940,2810,3030,3250,3460,3700,4080,4460,4840,5210,5200,5370,5570
Cameroon,Income,3010,2830,2530,2520,2530,2570,2640,2680,2730,2750,2800,2840,2890,3000,2980,3000,3060,3090,3070,3090,3130,3180,3260,3360,3460,3520,3560,3600,3640,3450,3480,3540
"Congo, Dem. Rep.",Income,1610,1380,1150,1070,1040,1000,921,886,828,752,716,715,733,758,779,794,817,840,836,866,895,927,972,1030,1070,1060,1060,1090,1100,1060,1070,1080
"Congo, Rep.",Income,5100,5090,4900,4500,4550,4610,4460,4490,4250,4440,4480,4550,4460,4480,4680,4890,4410,4530,4890,5220,5190,5560,5380,5560,5250,4600,4270,3910,3670,3300,3230,3180
Comoros,Income,2810,2960,2970,2730,2750,2640,2680,2640,2620,2830,2830,2830,2820,2800,2820,2820,2780,2820,2840,2880,2930,2950,3010,3000,2960,2990,3030,3070,3060,2960,2890,2880
Cape Verde,Income,1730,1870,1970,2290,2550,2770,3010,3320,3620,4070,4080,4230,4340,4710,4970,5290,6020,6340,6190,6200,6370,6350,6320,6280,6270,6480,6640,6860,7170,6090,6370,6670
Cuba,Income,4580,3910,3060,3090,3290,3740,3940,3930,4170,4610,4870,5030,5180,5250,5420,6230,6480,6910,7190,7570,7970,8210,8490,8770,9070,9200,9360,9580,9790,9980,10.2k,10.4k
Djibouti,Income,2490,2670,2890,2760,2900,2690,2710,2600,2560,2510,2490,2480,2660,2900,2960,3280,3390,3510,3620,3680,3770,3900,4030,4240,4490,4710,4890,5210,5540,5330,5440,5590
Ecuador,Income,8450,8430,8410,8570,8580,8540,8720,8830,8240,8180,8350,8540,8630,9180,9500,9760,9810,10.3k,10.1k,10.3k,11k,11.4k,11.8k,12.1k,11.9k,11.6k,11.6k,11.6k,11.4k,10.4k,10.5k,10.5k
Egypt,Income,6020,6150,6200,6320,6480,6670,6900,7140,7420,7750,7870,7910,8010,8180,8400,8810,9280,9760,10k,10.3k,10.3k,10.3k,10.3k,10.4k,10.6k,10.8k,11k,11.4k,11.8k,11.9k,12k,12.4k
Eritrea,Income,1550,1720,1960,2400,2490,2730,2940,2980,2940,2780,2920,2880,2670,2590,2560,2450,2420,2140,2180,2190,2350,1320,1300,1340,1390,1390,1400,1540,1580,1540,1550,1600
Ethiopia,Income,688,606,661,659,677,737,737,691,706,728,766,755,718,793,862,930,1010,1090,1150,1260,1360,1440,1550,1660,1780,1900,2020,2100,2220,2320,2330,2490
"Micronesia, Fed. Sts.",Income,3140,3180,3360,3270,3450,3320,3110,3210,3270,3440,3520,3540,3600,3500,3590,3610,3580,3520,3580,3660,3760,3650,3470,3340,3450,3440,3490,3460,3500,3440,3300,3390
Georgia,Income,8720,4770,3350,3050,3240,3740,4270,4510,4740,4920,5240,5570,6230,6630,7320,8050,9110,9360,9100,9740,10.5k,11.3k,11.7k,12.3k,12.6k,13k,13.6k,14.3k,15k,14.2k,14.6k,15.5k
Ghana,Income,2400,2420,2470,2480,2510,2560,2600,2660,2710,2740,2780,2830,2910,3000,3090,3210,3260,3470,3550,3730,4160,4430,4650,4680,4670,4720,5000,5190,5410,5350,5510,5700
Guinea,Income,1500,1510,1550,1570,1600,1620,1660,1680,1700,1710,1730,1780,1770,1780,1790,1780,1860,1890,1830,1870,1930,2000,2040,2060,2090,2250,2420,2500,2560,2630,2710,2780
Gambia,Income,2250,2250,2240,2180,2130,2110,2150,2150,2220,2270,2330,2180,2260,2340,2220,2140,2140,2210,2280,2350,2090,2140,2130,2040,2060,2040,2070,2160,2220,2160,2220,2300
Guinea-Bissau,Income,2050,2030,2020,2040,2090,2280,2390,1680,1670,1720,1720,1670,1640,1650,1680,1680,1690,1700,1710,1750,1840,1760,1770,1740,1800,1860,1930,1950,1990,1900,1920,1950
Guatemala,Income,5610,5730,5810,5890,6030,6060,6180,6340,6430,6500,6490,6590,6610,6680,6750,6970,7270,7360,7260,7340,7500,7590,7730,7940,8130,8210,8320,8450,8640,8340,8540,8710
Guyana,Income,5130,5500,5900,6370,6660,7200,7670,7590,7850,7780,7970,8060,8010,8130,7970,8370,8970,9130,9440,9810,10.3k,10.8k,11.1k,11.2k,11.3k,11.6k,12k,12.5k,13.1k,13.6k,14.1k,14.7k
Honduras,Income,3750,3870,4000,3900,4030,3990,4050,4080,3940,4110,4110,4160,4240,4390,4550,4730,4910,5010,4790,4870,4960,5070,5110,5180,5280,5400,5560,5670,5730,5180,5320,5400
Haiti,Income,3230,3000,2780,2400,2590,2650,2670,2680,2710,2690,2630,2610,2650,2580,2630,2630,2740,2760,2890,2740,2860,2830,2880,2940,2940,2950,2980,2990,2910,2760,2760,2750
Indonesia,Income,4760,4990,5220,5530,5890,6260,6460,5530,5500,5690,5820,6000,6200,6420,6700,6970,7320,7660,7910,8290,8680,9080,9460,9800,10.2k,10.5k,10.9k,11.4k,11.8k,11.4k,11.8k,12.4k
India,Income,1790,1850,1900,1990,2100,2220,2260,2360,2520,2570,2650,2710,2870,3050,3240,3450,3660,3710,3950,4230,4390,4580,4810,5110,5450,5840,6190,6500,6700,6120,6820,7220
Iraq,Income,1750,2350,2450,2430,2300,2690,2690,3210,3630,4200,4770,5330,4350,6970,7410,8170,8320,8630,8740,9060,9440,10.4k,10.7k,10.4k,10.3k,11.5k,11k,10.7k,10.9k,9450,9310,9480
Jamaica,Income,8940,9030,9790,9830,9960,9850,9640,9330,9340,9340,9400,9520,9810,9880,9920,10.2k,10.2k,10.1k,9630,9440,9550,9430,9430,9440,9470,9550,9600,9740,9760,8750,8870,9370
Kenya,Income,3150,3030,2940,2930,2970,3000,2930,2940,2930,2870,2900,2830,2840,2900,2990,3100,3220,3140,3160,3330,3440,3500,3610,3710,3830,3950,4050,4200,4330,4230,4450,4600
Kyrgyz Republic,Income,4670,3980,3360,2690,2520,2660,2880,2890,2960,3080,3210,3180,3370,3560,3520,3590,3860,4140,4210,4140,4340,4260,4630,4720,4810,4910,5050,5130,5250,4740,4920,5040
Cambodia,Income,1640,1640,1590,1630,1660,1670,1690,1700,1820,1910,1990,2040,2130,2260,2470,2630,2790,2860,2800,2790,2870,3020,3190,3360,3540,3730,3930,4160,4390,4210,4340,4560
Kiribati,Income,2100,2090,2080,2090,2060,2060,2060,2160,2090,2190,2120,2160,2170,2090,2150,2110,2100,2010,1980,1930,1920,1980,2040,1990,2170,2250,2240,2260,2270,2220,2230,2240
Lao,Income,1990,2050,2110,2230,2330,2440,2560,2610,2750,2860,2980,3110,3250,3400,3580,3830,4050,4300,4540,4850,5160,5490,5840,6190,6540,6900,7260,7590,7830,7680,7920,8250
Liberia,Income,935,652,467,384,378,424,860,1100,1320,1700,1690,1710,1170,1180,1210,1270,1330,1370,1390,1420,1490,1560,1650,1620,1580,1520,1520,1500,1430,1350,1370,1400
Sri Lanka,Income,4010,4140,4380,4580,4790,4940,5230,5440,5650,5950,5820,6000,6300,6590,6940,7420,7870,8270,8510,9130,9830,10.7k,11k,11.4k,11.9k,12.3k,12.6k,12.9k,13.1k,12.5k,13k,13.4k
Lesotho,Income,1340,1410,1420,1480,1490,1550,1580,1580,1570,1620,1680,1690,1780,1820,1890,1980,2080,2220,2260,2270,2390,2530,2620,2680,2730,2840,2780,2750,2700,2560,2620,2700
Morocco,Income,4020,3870,3770,4100,3820,4230,4110,4350,4340,4370,4640,4720,4950,5120,5230,5560,5690,5960,6130,6280,6530,6630,6830,6920,7130,7110,7310,7440,7520,6920,7160,7360
Madagascar,Income,1690,1660,1640,1590,1570,1550,1560,1570,1590,1610,1660,1410,1500,1530,1560,1600,1640,1700,1590,1550,1540,1540,1530,1540,1550,1570,1580,1610,1650,1540,1550,1590
Marshall Islands,Income,3310,3480,3650,3830,4130,3700,3470,3440,3400,3420,3610,3670,3540,3510,3540,3530,3610,3360,3400,3650,3610,3510,3630,3580,3620,3650,3780,3890,4120,3960,3870,3970
Mali,Income,1550,1460,1470,1480,1460,1520,1550,1630,1680,1630,1820,1830,1930,1900,1960,1980,1990,2010,2040,2080,2090,2010,2000,2080,2140,2200,2250,2280,2320,2210,2230,2300
Myanmar,Income,607,658,690,733,775,814,849,888,973,1090,1210,1340,1510,1700,1910,2150,2390,2620,2880,3130,3280,3490,3750,4020,4270,4480,4740,5030,5140,5270,4770,4810
Mongolia,Income,2270,2120,2120,2250,2470,2610,2810,3010,3220,3380,3860,4350,4890,5550,5880,6310,6860,7360,7150,7480,8610,9490,10.4k,11k,11k,10.9k,11.3k,11.9k,12.3k,11.5k,11.8k,12.5k
Mozambique,Income,482,437,464,475,469,506,548,588,640,631,687,729,757,793,821,876,918,958,991,1030,1070,1120,1170,1220,1260,1270,1280,1290,1280,1240,1240,1260
Mauritania,Income,4600,4570,4720,4460,4770,4920,4600,4610,4660,4360,4210,4150,4320,4400,4640,5330,5080,4920,4780,4770,4820,4890,4950,5010,5130,5050,5080,5040,5200,4980,5020,5180
Malawi,Income,715,657,719,643,743,783,793,802,803,794,736,731,754,775,780,795,847,886,933,969,987,977,999,1030,1030,1030,1040,1040,1060,1040,1030,1070
Namibia,Income,6140,6410,6150,6120,6210,6270,6410,6490,6580,6700,6670,6880,7070,7820,7890,8310,8600,8670,8540,8890,9180,9470,9830,10.2k,10.5k,10.3k,10.1k,9930,9640,8690,8660,8700
Niger,Income,1090,1070,1040,1020,1010,978,959,1020,979,933,965,976,962,930,962,981,975,1010,992,1040,1020,1090,1100,1130,1130,1150,1160,1200,1230,1190,1230,1340
Nigeria,Income,2020,2060,2090,2090,2130,2210,2270,2330,2340,2470,2740,3230,3530,3850,4000,4130,4290,4460,4690,4930,5060,5130,5330,5520,5520,5290,5190,5160,5140,4920,4920,4910
Nicaragua,Income,3370,3310,3220,3260,3390,3530,3610,3680,3870,3970,4030,4000,4040,4200,4320,4440,4600,4690,4480,4610,4840,5080,5260,5440,5630,5810,6000,5700,5410,5270,5240,5330
Nepal,Income,1460,1480,1500,1580,1590,1640,1680,1700,1740,1810,1870,1840,1890,1950,1990,2030,2080,2180,2260,2360,2430,2560,2670,2830,2910,2900,3100,3250,3420,3310,3360,3460
Pakistan,Income,2980,3120,3090,3120,3180,3240,3180,3170,3200,3250,3280,3280,3390,3560,3710,3840,3930,3910,3930,3910,3930,3980,4070,4170,4280,4420,4570,4740,4690,4590,4570,4660
Peru,Income,5260,5130,5300,5840,6150,6210,6490,6350,6350,6420,6380,6650,6860,7140,7520,8020,8630,9340,9370,10.1k,10.6k,11.2k,11.7k,11.9k,12.1k,12.4k,12.5k,12.8k,12.8k,11.3k,12.1k,12.6k
Philippines,Income,4100,4020,4010,4090,4180,4320,4450,4320,4360,4450,4490,4560,4700,4910,5050,5230,5480,5620,5610,5920,6040,6350,6670,6970,7300,7710,8120,8520,8910,7950,8370,8780
Papua New Guinea,Income,2610,2900,3350,3470,3270,3440,3230,3030,3020,2870,2810,2750,2750,2770,2880,2970,3120,3040,3170,3410,3370,3460,3520,3910,4090,4230,4290,4190,4360,4100,4160,4240
North Korea,Income,2660,2440,2300,2220,2090,1990,1850,1820,1920,1910,1960,1970,1990,2020,2080,2050,2010,2060,2040,2010,2020,2040,2050,2060,2030,2000,1930,1840,1780,1730,1670,1610
Paraguay,Income,8550,8470,8680,8920,9310,9240,9420,9230,8910,8530,8290,8140,8340,8530,8570,8850,9190,9640,9490,10.4k,10.7k,10.5k,11.2k,11.6k,11.8k,12.2k,12.6k,12.8k,12.7k,12.4k,12.7k,13k
Palestine,Income,2850,3380,3570,3950,4050,3920,4300,4790,5050,4500,3980,3400,3770,4490,4870,4700,4750,4970,5250,5410,5780,5990,6120,5970,6050,6440,6400,6320,6220,5400,5580,5830
Rwanda,Income,940,1050,1030,543,746,817,871,874,847,868,907,1000,1010,1070,1150,1230,1290,1390,1440,1510,1590,1680,1720,1780,1890,1950,1980,2090,2230,2180,2250,2350
Sudan,Income,1820,1890,1920,1890,1950,2010,2170,2200,2210,2280,2360,2450,2560,2590,2710,2900,3140,3300,3310,3220,3650,4010,4080,4090,4190,4290,4360,4160,3960,3720,3640,3590
Senegal,Income,2290,2250,2210,2150,2200,2190,2210,2280,2370,2390,2440,2400,2490,2580,2650,2650,2710,2740,2720,2740,2710,2770,2770,2870,2970,3070,3200,3320,3400,3330,3410,3520
Solomon Islands,Income,2390,2620,2650,2780,2980,2940,2830,2790,2700,2260,2020,1910,1980,2060,2130,2180,2220,2300,2300,2440,2550,2530,2600,2550,2520,2600,2670,2700,2660,2490,2480,2530
Sierra Leone,Income,1490,1200,1230,1210,1110,1130,1060,1060,1020,1060,960,1160,1210,1240,1250,1260,1320,1360,1370,1410,1470,1650,1950,2000,1550,1610,1640,1660,1720,1640,1660,1680
El Salvador,Income,5270,5560,5810,6000,6210,6200,6330,6440,6520,6550,6560,6630,6700,6720,6870,7140,7240,7390,7210,7330,7580,7760,7890,7990,8140,8310,8450,8620,8780,7980,8280,8470
Somalia,Income,1030,909,913,720,712,724,685,679,676,674,674,679,683,686,689,688,688,688,688,686,686,689,692,694,697,699,701,703,703,673,673,675
South Sudan,Income,2440,2490,2500,2480,2490,2550,2730,2810,2940,3130,3230,3330,3470,3550,3760,4030,4380,4410,4420,4490,4140,2170,2400,2430,2140,1880,2070,1980,1940,1760,1800,1860
Sao Tome and Principe,Income,2540,2520,2520,2540,2560,2560,2550,2570,2590,2560,2590,2600,2720,2760,2890,3070,3080,3240,3230,3360,3430,3460,3560,3720,3790,3880,3950,3990,3970,3630,3650,3770
Eswatini,Income,5050,5080,5120,5120,5260,5350,5420,5460,5550,5580,5590,5810,6010,6210,6550,6910,7170,7180,7240,7460,7580,7930,8180,8190,8310,8320,8410,8520,8620,8250,8270,8260
Chad,Income,1060,1100,901,961,941,930,949,980,939,897,965,1010,1110,1430,1620,1570,1570,1570,1580,1730,1680,1770,1800,1870,1860,1690,1590,1580,1580,1520,1500,1500
Togo,Income,1310,1230,1020,1150,1210,1280,1420,1340,1330,1280,1260,1270,1320,1280,1190,1190,1140,1160,1190,1230,1270,1320,1360,1400,1450,1490,1520,1550,1600,1570,1590,1620
Tajikistan,Income,3520,2450,2020,1560,1350,1110,1110,1150,1170,1250,1350,1470,1600,1740,1820,1910,2020,2130,2170,2260,2370,2490,2620,2730,2820,2940,3090,3240,3380,3460,3570,3660
Turkmenistan,Income,6690,5520,5450,4390,3990,4180,3640,3850,4430,4620,4770,4740,4840,5030,5630,6180,6770,7670,8020,8620,9720,10.6k,11.5k,12.4k,13k,13.6k,14.2k,14.8k,15.6k,15.4k,16k,16.4k
Timor-Leste,Income,2320,2430,2550,2690,2860,3120,3250,3190,2040,2330,2660,2420,2310,2260,2270,2130,2310,2520,2730,2930,3050,3170,3180,3270,3300,3350,3150,3050,3550,3210,2900,2950
Tonga,Income,4000,4010,4150,4350,4660,4730,4770,4860,5020,5040,5200,5420,5520,5350,5320,5270,5240,5440,5130,5170,5550,5640,5710,5870,5950,6320,6470,6420,6380,6360,6210,6380
Tunisia,Income,5520,5820,5830,5900,5930,6260,6510,6740,7070,7330,7540,7580,7880,8310,8520,8890,9390,9680,9870,10.1k,9820,10.1k,10.3k,10.5k,10.5k,10.5k,10.6k,10.8k,10.8k,9710,9980,10.1k
Tuvalu,Income,2670,2720,2810,3080,2910,2730,3000,3460,3400,3350,3380,3600,3430,3340,3170,3200,3370,3600,3410,3280,3490,3330,3440,3450,3720,3790,3900,3950,4280,4290,4380,4510
Tanzania,Income,1380,1340,1310,1290,1290,1320,1330,1350,1380,1410,1460,1520,1580,1650,1720,1780,1850,1900,1940,2010,2100,2130,2210,2290,2350,2440,2530,2590,2660,2610,2600,2640
Uganda,Income,926,926,971,1000,1080,1150,1170,1190,1250,1250,1280,1350,1390,1440,1480,1590,1670,1760,1820,1860,1970,1980,1990,2020,2050,2080,2080,2120,2190,2070,2140,2180
Uzbekistan,Income,3330,2890,2760,2560,2490,2490,2570,2640,2720,2790,2870,2940,3030,3220,3410,3620,3900,4190,4450,4650,4880,5160,5470,5760,6090,6350,6520,6760,7000,6980,7200,7460
Vietnam,Income,1740,1850,1960,2090,2250,2430,2590,2700,2800,2960,3110,3270,3460,3690,3930,4170,4420,4630,4830,5090,5350,5570,5820,6100,6440,6770,7160,7590,8040,8200,8650,9190
Vanuatu,Income,2900,2890,2830,3000,2960,2960,3050,3030,2990,3100,2930,2710,2760,2790,2870,3040,3120,3240,3270,3240,3190,3160,3130,3120,3040,3060,3120,3130,3150,2790,2800,2860
Samoa,Income,3940,3890,4010,3870,4100,4370,4370,4450,4520,4810,5120,5310,5520,5740,5940,6020,6360,6380,6030,6010,6210,5910,5830,5790,6000,6450,6490,6330,6520,6260,5720,5770
Yemen,Income,4210,4320,4270,4340,4400,4440,4520,4650,4690,4850,4890,4940,4980,5030,5160,5170,5190,5230,5280,5540,4700,4690,4790,4660,3270,2880,2670,2630,2610,2420,2370,2370
Zambia,Income,2130,2050,2130,1900,1910,1980,2000,1930,1970,1990,2040,2080,2170,2260,2360,2480,2620,2750,2920,3130,3200,3340,3400,3450,3440,3470,3490,3520,3470,3250,3170,3110
Zimbabwe,Income,3430,3060,3030,3260,3230,3520,3580,3650,3600,3470,3510,3190,2640,2480,2330,2230,2130,1740,1930,2270,2560,2930,2940,2960,2960,2940,3030,3130,2840,2560,2590,2640
Angola,Employment,59.8,59.7,59.7,59.5,59.2,59.2,59.2,59.2,59.3,59.2,59.3,59.2,59.3,59.3,61,62.8,64.6,66.4,68.3,70.1,72.1,72.2,72.2,72.2,72.1,71.7,71.3,70.9,70.6,70.3,70,69.7
Albania,Employment,50.8,50.6,48.7,48.4,48.1,48.2,48.9,48.8,48.3,48.5,48,48.4,48.2,48,47.8,47.7,48.4,47.9,47,46.6,47.9,49.7,45.3,44.9,46.8,47.7,48.3,47.4,47.3,47.2,47.2,47.1
United Arab Emirates,Employment,71.9,72.2,72.8,73.3,73.8,73.3,73.1,73.2,73.6,74.2,73.5,73.4,73.8,74.8,75.9,76,76.7,77.1,77.8,79.2,79.3,79.3,79.4,79.5,79.7,79.1,78.3,77.8,77.4,77.2,76.2,75.4
Argentina,Employment,56.5,56.3,54.2,53.4,49.1,50.3,52.1,53.7,52.9,52.4,51,49.3,52.3,53.9,54.9,56.1,56.4,56.1,55.9,55.1,56.5,56.3,56.1,55.5,55.7,54.7,54.8,54.8,54.9,54.5,54.2,53.9
Armenia,Employment,58,57.9,55.7,54.6,54.3,52.4,51.3,51.8,50.4,49.7,49.1,48.4,47.8,47.3,46.9,46.6,46.4,46.2,46.4,48.2,49.4,49.9,50.9,49.9,48.9,49.1,49.2,49.3,49.3,49.3,49.2,49
Australia,Employment,57.2,56.2,55.8,56.9,58.3,58.2,58,58.3,58.7,59.4,59.3,59.6,60,60.2,61.3,61.8,62.5,62.8,61.9,62.1,62.2,61.8,61.3,60.8,61.1,61.2,61.2,61.2,61,61,60.9,60.8
Austria,Employment,54.2,54.8,54.7,56.5,56.5,55.4,55.2,55.3,55.9,55.8,55.6,56,55.9,53.5,54.8,55.4,56.5,57.2,56.8,57.1,57.3,57.4,57.2,56.8,56.7,56.8,57,57,56.8,56.6,56.4,56.1
Azerbaijan,Employment,55.3,56.9,57.7,57.9,58.3,56.3,55.9,55.8,55.5,55.8,56.4,57,57.5,58.3,58.8,59.4,59.6,60,60.3,60.4,60.5,60.9,61.3,61.9,62.3,62.9,62.8,62.6,62.4,62.1,61.8,61.4
Burundi,Employment,88.7,88.1,87.5,86.9,86.1,85.4,84.6,83.7,83,82.3,81.7,81.1,80.6,80.2,79.8,79.4,79,78.6,78.3,78.1,77.8,77.5,77.3,76.9,77.3,77.6,77.6,77.7,77.7,77.7,77.5,77.4
Belgium,Employment,45.7,46.1,45.5,45.3,45.7,45.6,45.9,46,47.4,48.8,47.6,47.4,47.1,48,48.7,48.6,49.6,49.9,49.2,49.5,49.3,49.1,49,49,48.9,49.1,49.4,49.6,49.5,49.4,49.1,48.8
Benin,Employment,71.4,71.4,71.5,71.7,71.8,71.8,71.8,71.8,71.7,71.6,71.5,71.3,71.3,71.3,71.2,71.1,70.9,70.7,70.5,70.3,69,69,69,68.9,68.9,69,69.1,69.3,69.4,69.6,69.7,69.8
Burkina Faso,Employment,81,80.5,79.9,79.4,78.8,78.2,77.7,77,76.4,75.7,75,74.3,73.5,72.4,71.2,71.7,70.3,69.3,68.2,67.1,66,64.8,63.6,62.4,62.3,62.4,62.3,62.2,62.1,61.9,61.8,61.7
Bangladesh,Employment,55.2,55.2,55.1,55.2,55.3,55.4,55.4,55.5,55.5,55.6,55.6,55.5,55.1,55.1,55.2,55.4,55.1,54.8,54.2,55.1,54.8,54.6,54.2,54.1,54,54,54,54.1,54.1,54.2,54.2,54.3
Bulgaria,Employment,45.6,45.4,44.7,44.6,46.2,46.5,45.8,45.7,43.8,41.8,41.4,41.9,43.4,44.9,45.3,47.6,50.1,52,50.6,47.9,46.6,46.6,46.9,48,49.2,49.4,50.1,50.8,51,51.2,51.2,51.2
Bahrain,Employment,63.7,63.8,64,64.3,64.7,64.4,64.2,64.2,64.4,64.9,65,65.2,65.9,66.8,67.7,68.2,68.9,69.7,70.6,71.4,70.5,70.6,70.7,70.7,70.8,71,71.3,71.8,72.2,72.6,72,71.6
Bahamas,Employment,64,62.7,64.9,64.7,67,66.6,67.8,69.4,69.5,69.7,70.1,68.6,67.3,67.8,67.8,69.9,69.7,69.5,64.9,65,64.7,65.1,63.5,65.3,66.6,66.1,66.3,66.5,67.2,67.5,67.4,67.3
Bosnia and Herzegovina,Employment,42.7,42,40.7,38.5,37.1,37.1,36.9,36.7,36.2,36.6,36.2,35.5,35.1,34.4,34.2,33.6,34.5,37.2,36.7,35.1,34.7,34.3,34.3,34,33.8,35,34.7,34.4,34.1,33.8,33.5,33.3
Belarus,Employment,59,59,58.8,58.8,58.7,58.5,58.3,58.2,58.2,58.5,58.8,59.1,59.5,59.9,60.3,60.7,61.1,61.6,62,62.3,62.9,63.3,63.6,63.8,63.9,63.9,63.7,63.4,63.1,62.7,62.3,61.8
Belize,Employment,56.3,54.6,52.9,52.1,51.4,50.9,51.9,51.4,52.7,54.4,56,55.9,56.3,56.7,56.9,58.6,59.8,60.6,60,59.5,59.2,58.9,60,59.4,59.8,61.5,60.8,61.1,61.4,61.7,62,62.3
Bolivia,Employment,64.6,64.9,64.8,67.1,67,66.2,68.7,68.1,67.4,67.2,67,67.4,68.2,69,68.8,69.6,68.2,70.2,70,70.1,70.2,67.5,67.6,69.9,65,65.3,65.3,65.3,65.4,65.4,65.5,65.6
Brazil,Employment,58.9,58.7,59.2,59.5,59.8,59.6,59.2,58.7,58.5,58.6,59.2,60,59.7,60.9,60.8,61.6,61.4,61.8,61.5,61.1,60.3,59.7,59.7,59.7,58.7,56.4,55.2,55.9,56,56,55.9,55.8
Barbados,Employment,52.1,52.8,52.1,53.6,56.5,59.3,59.3,60.7,61.7,62.4,62.1,61.8,61.4,62.8,63.2,63.3,63.9,63.2,61.6,60.7,60.3,59,59.6,57.3,58.2,59.9,59.5,59.3,58.9,58.6,58.4,58.1
Brunei,Employment,62.1,62.2,62.4,62.6,62.9,63,63.2,63.4,63.8,64.2,63.9,63.6,63.4,63.5,63.6,63.3,63.2,63.2,63.3,63.4,63.6,63.8,63.9,63.2,63,62.5,62.3,62.2,62.3,62.6,62.9,63
Bhutan,Employment,63.2,62.9,62.6,62.4,62.1,62.3,62.7,63.1,63.6,64,65.1,66.4,67.6,68.2,68.5,69,68.8,68.9,68.9,67.5,65.8,64.2,64.2,62.7,65,64.9,65.2,65.4,65.6,65.7,65.7,65.8
Botswana,Employment,53.7,52.4,51.1,48.7,48.4,48.1,48.1,48.2,48.9,49.6,48.6,47.6,46.6,48.2,49.7,52.2,52.4,52.5,53,49.5,53.2,56.2,58.6,59,59.3,59.3,59.4,59.4,59.5,59.6,59.6,59.6
Central African Republic,Employment,67.8,67.7,67.6,67.5,67.4,67.4,67.3,67.2,67.1,67,67,67,66.9,66.9,66.8,66.9,67,67,67,67,67.1,67.2,67.3,67.2,67.1,67.1,67.2,67.3,67.5,67.6,67.8,68
Canada,Employment,59.4,58,57.6,58,58.3,58,58.6,59.3,60.1,60.8,60.7,61.2,62,62.2,62.2,62.4,63,63.1,61.2,61.2,61.4,61.4,61.5,61.2,61,60.8,61.1,61.2,61,60.7,60.5,60.2
Channel Islands,Employment,51.2,51.7,52.5,53.2,52.9,52.9,53.1,53.5,53.8,54,53.7,53.8,54,53.5,53.7,53.6,53.5,52.6,52.2,53,52.3,52.2,52.2,52.5,52.2,52.2,52,51.8,51.6,51.4,51.2,51
Switzerland,Employment,67.2,66.3,65.7,64.7,64.8,65,64.6,65.5,65.7,65.6,66.1,65.7,65,64.4,64,64.7,65.2,65.9,65.5,63.7,64.5,64.5,64.4,64.7,64.9,65.2,65.1,65,64.9,64.8,64.5,64.3
Chile,Employment,51,52.6,53.7,52.9,52.6,51.5,51.9,52.2,50.3,49.5,49.5,49.3,49.7,50.9,50.9,51.7,53.4,53.8,52.4,55.6,57.4,57.8,58.1,58.1,58.2,58,58,58.1,58.1,58.2,58.2,58.2
China,Employment,75.2,75.5,75.5,75.4,75.1,74.9,74.7,74.3,74,73.7,73,72.3,71.6,70.9,70.3,69.9,69.6,68.7,68.4,68,67.7,67.4,67.1,66.8,66.5,66.1,65.7,65.2,64.7,64.1,63.5,63
Cote d'Ivoire,Employment,63.1,62.9,63.1,63.3,63.9,63.8,63.7,63.6,63.3,62.9,62.6,62.2,61.8,61.4,61,60.6,60.1,59.7,59.2,58.7,58.3,57.8,57.3,56.8,56.3,55.9,55.8,55.8,55.8,55.9,55.9,56
Cameroon,Employment,71.6,71.6,71.6,71.5,71.2,71.1,71,70.9,70.8,70.7,70.6,71.1,71.5,72,72.5,73.1,73.7,73.4,73.2,72.8,72.9,72.9,72.9,72.9,72.9,72.9,73,73,73,73,73,73
"Congo, Dem. Rep.",Employment,69.2,69.4,69.5,69.5,69.5,69.6,69.6,69.6,69.6,69.6,69.6,69.7,69.6,69.6,69.6,69.7,69.7,69.7,69.7,69.7,69.8,69.8,69.8,69.8,69.7,69.7,69.7,69.7,69.7,69.7,69.7,69.7
"Congo, Rep.",Employment,54.3,54.2,54.1,54.1,54,54,54.1,54.1,54.3,54.3,54.4,54.6,54.7,54.9,55.1,55.9,56.7,57.5,58.2,59.4,60.6,62.8,62.9,62.9,62.8,62.5,62,61.8,61.5,61.2,61,60.7
Colombia,Employment,48.4,49.1,50.2,50.8,51.3,50.3,50.9,50,47.7,48.2,52.3,52.7,54.3,55.4,57.4,57.6,59.3,60,60.1,61.5,62.7,63.8,64,64.4,64.8,64.4,64.1,64.1,64,64,64,64
Comoros,Employment,40.8,40.8,40.8,40.8,40.8,40.7,40.6,40.5,40.4,40.2,40.1,40,39.9,39.9,39.9,39.9,39.9,40,40.1,40.3,40.4,40.5,40.7,40.8,41,41.1,41.2,41.4,41.5,41.6,41.7,41.8
Cape Verde,Employment,54.5,54.7,54.8,54.9,54.9,54.9,54.8,54.6,54.3,54.1,53.8,53.5,53.2,52.9,52.6,52.6,52.6,52.7,52.8,52.9,53.1,53.2,53.4,53.6,53.8,53.9,54.2,54.4,54.6,54.8,55,55.2
Costa Rica,Employment,55.1,55.1,55.8,56.1,56.4,53.9,56.3,57.9,57.2,56.4,57.8,57.5,57.5,56.5,58.4,58.6,60.1,59.6,57.2,55.1,55.7,55.3,56.1,57.2,56.4,54.1,54.7,54.9,55,55,55.1,55.1
Cuba,Employment,45.6,45.9,46.2,46.7,47.1,47.7,48,48.5,48.5,49.1,49.8,50.2,50.8,51.1,51.8,52.5,53.3,53.9,55,54.1,53.6,53.3,53.3,53.4,53.4,53.1,53,52.8,52.7,52.5,52.2,51.9
Cyprus,Employment,58.6,58.9,58.2,58.7,58,57.5,57.7,57.4,57.1,57.8,59.6,60,60.5,60.7,59.7,60.4,61.1,61.1,60.2,60,58.2,55.4,52.7,53.1,53.3,54.7,55.9,56.2,56.3,56.4,56.5,56.5
Czech Republic,Employment,59.9,59.3,58.7,58.9,58.9,58.7,57.9,56.9,55.4,54.9,55,55.4,54.9,54.3,54.8,55.1,55.7,55.9,54.7,54.1,54.3,54.6,55.2,55.8,56.6,57.8,58.2,58.5,58.2,58,57.7,57.3
Germany,Employment,56.5,55.3,53.9,53.4,53.4,52.9,52.4,52.4,53.2,53.5,53.5,53,52.2,51.4,51.9,52.8,54.1,54.8,54.8,55.3,56.5,56.8,57.2,57.4,57.5,58,58.2,58.2,58.2,58.2,58.1,58
Djibouti,Employment,59,58.9,58.7,58.4,58.3,58.2,58.1,58.1,58,57.9,57.7,57.4,57,56.7,56.4,56.2,56,55.9,55.7,55.6,55.6,55.5,55.5,55.5,55.5,55.5,55.6,55.6,55.7,55.8,55.9,55.9
Denmark,Employment,61.1,61,59.3,59.3,60.8,60.9,62.2,62.2,62.8,62.8,62.7,63.3,62,62.6,62.7,63.7,63.3,63.8,61.4,59.6,59.1,58.4,58,58,58.2,59.4,59.5,59.6,59.5,59.4,59.3,59.2
Dominican Republic,Employment,59,59.7,59.6,59.4,59.7,59.8,60.1,60.1,60.1,60.1,60.1,60.3,60,60.2,60.7,61.5,62,60.9,59.1,60.6,61.5,61.4,61.2,62,62.7,63.1,63.1,63,63,62.9,62.8,62.8
Algeria,Employment,34.4,33.7,33.1,32.6,30.7,32.1,33.2,32.4,31.5,30.6,31.5,31.9,32.7,35.2,36,37.2,36.5,37.4,37.8,38.1,38.3,38,39.4,37.1,36.8,37.2,37.2,37.2,37.2,37.1,36.9,36.7
Ecuador,Employment,60.1,58.4,59.1,60.3,60.7,58.6,59.6,60.3,58.2,61.8,60.5,61.5,60.9,63,63.8,64.9,65.2,63.4,63.1,62.4,62.1,62.9,62.4,61.9,64.2,65.4,65.6,65.2,64.8,64.4,64,63.6
Egypt,Employment,42.2,42.4,41.6,42.4,41.2,41.8,41.6,41.2,42.7,42,41.4,40.6,40.6,41.3,41.3,42.1,43.9,44.3,44.4,43.5,43.1,42.8,42.9,42.3,41.7,41.9,42.2,42.4,42.6,42.8,43,43.2
Eritrea,Employment,77.2,77.2,77.2,77.1,76.9,76.7,76.3,76,75.7,75.3,74.9,74.5,74.2,74,73.8,74,74.3,74.6,74.9,75.1,75.4,75.6,75.9,76,76.1,76.1,76.2,76.2,76.2,76.3,76.3,76.3
Western Sahara,Employment,48.4,48.3,48.3,48.3,48.3,48.3,48.4,48.5,48.8,49,49.2,49.5,49.8,50.2,50.5,50.6,50.7,50.8,51.1,51.2,51.3,51.4,51.4,51.5,51.6,51.6,51.7,51.7,51.8,51.8,51.8,51.8
Spain,Employment,42.1,41,38.8,38,38.6,39.2,40.3,41.6,43.7,45.5,46.7,47.7,48.6,49.5,51.6,52.8,53.3,52.2,48.5,47.5,46.6,44.6,43.5,44.2,45.5,46.7,47.9,49.1,49.5,49.5,49.3,49.1
Estonia,Employment,62.1,60.4,58.3,57.4,55.8,55.1,55.2,54.7,52.4,51.1,50.5,51.1,52.2,52.9,53.9,57,57.9,58,52.6,50.4,53.7,55.1,56,56.7,58.3,58.7,59.1,59,58.8,58.6,58.2,57.9
Ethiopia,Employment,75.6,75.6,75.6,75.6,75.4,75,74.6,74.2,73.7,74.8,75.8,76.9,78,79,80,79.9,79.8,79.7,79.5,79.4,79.2,79.1,79.1,78.8,78.5,78.1,78.2,78.2,78.3,78.3,78.4,78.5
Finland,Employment,59.6,55.1,51.5,50.7,49.7,50,51,52.1,53.7,54.2,54.9,54.9,54.6,54.3,55.5,56.3,57.1,57.6,55.5,54.8,55.2,55.1,54.2,53.8,53.3,53.3,53.2,53.3,53.2,53,52.8,52.6
Fiji,Employment,56.7,56.8,56.4,56.3,56.4,55.9,55.2,54.5,53.7,53.1,52.6,52.2,52.1,53.8,53.6,52,50.4,50.7,51.3,51.7,52.1,52.6,53.9,55.1,54.9,54.7,54.6,54.5,54.3,54.1,53.9,53.7
France,Employment,50.2,49.7,49,48.2,48.7,48.7,48.3,48.6,48.9,49.9,50.5,50.6,51.5,51.1,51.4,51.3,51.8,52.3,51.5,51.3,51.1,50.9,50.5,50,49.8,49.8,50,50.2,50.1,50.1,50,50
Gabon,Employment,38.8,38.9,38.7,38.7,38.6,38.6,38.5,38.6,38.9,39,38.9,39.1,39.1,39.3,39.5,39.4,39.1,39.3,39.4,39.2,39.4,39.7,40,40.4,40.7,41,41.3,41.6,41.8,42,42.2,42.3
United Kingdom,Employment,56.9,55.7,54.8,55.1,55.5,55.9,56.7,57.2,57.5,58,58.1,58.2,58.4,58.6,58.8,58.8,58.7,58.7,57.3,57,56.8,57.1,57.4,58.4,58.9,59.4,59.6,59.8,59.9,59.7,59.6,59.4
Georgia,Employment,59.9,60.7,61,60.9,59.4,57.2,56.5,56.4,56.7,56.6,58.5,55.7,57.5,55.6,54.6,54.8,55,53.1,53,54.3,56,57.1,57,58.8,60,59.6,59.8,59.9,59.9,59.9,59.7,59.5
Ghana,Employment,71.9,71.8,71.3,70.7,70.2,69.6,69.1,68.7,67.2,66.9,67.9,68.9,69.8,70.8,71.8,72.8,72.6,72.4,72.2,72.1,72.9,73.8,75.1,75.1,75.1,75,75.1,75.2,75.4,75.5,75.5,75.6
Guinea,Employment,62.7,62.8,62.8,62.7,62.6,62.6,62.6,62.6,62.5,62.4,62.3,62.3,62.2,62.2,62.1,62,62,61.9,61.9,61.8,61.7,61.7,61.6,61.5,61.5,61.3,61.3,61.3,61.3,61.3,61.3,61.3
Gambia,Employment,52.3,52.4,52.4,52.4,52.3,52.3,52.2,52.2,52.1,52.2,52.3,52.5,52.6,52.8,53,53.1,53.3,53.4,53.6,53.7,53.8,53.9,53.8,53.8,53.7,53.6,53.7,53.7,53.8,53.9,54,54.1
Guinea-Bissau,Employment,68.7,68.7,68.6,68.5,68.3,68.2,68,67.9,67.7,67.6,67.4,67.3,67.2,67.1,66.9,66.8,66.8,66.7,66.7,66.7,66.7,66.8,66.9,67,67.1,67.2,67.3,67.4,67.4,67.5,67.5,67.6
Equatorial Guinea,Employment,57.9,57.8,57.8,57.7,57.6,56.9,55.8,55.4,55.2,55.2,54.5,54.4,54.5,54.4,54.7,54.6,54.4,54.5,54.9,55.6,55.4,55.2,55.5,55.8,56.3,55.8,55.1,54.7,54.5,54.6,54.2,54
Greece,Employment,46.1,46.7,46.1,46.6,47,47.2,47.1,47.3,47.1,47.4,46.9,47.4,48,48.3,48.3,49,49.3,49.6,49,47.5,44.2,40.5,38.7,38.9,39.9,40.6,41.5,41.5,42.1,42.4,42.5,42.4
Guatemala,Employment,60.2,60.3,60.3,60.4,60.5,60.6,60.8,61,61.1,61.5,61.7,60.7,60.6,61,63.3,65.5,64.1,62.9,61.7,60.4,59.2,64.5,59.3,60.1,59.8,60.2,60.3,60.4,60.5,60.6,60.7,60.8
Guam,Employment,69.1,68.9,67.7,65.9,65.5,65,63.8,64.8,60.3,59.1,60.4,61.2,62.2,63.2,63.4,62.8,61.9,61.3,60.8,61.3,57.7,58.1,58.4,60.7,60.9,61.7,61.3,60.8,60.4,60,59.7,59.4
Guyana,Employment,52.2,52.8,53.1,52.8,51.9,52,51.5,50.1,50.7,49.8,50.1,49.5,49.2,49.5,48.9,50,50.4,49.8,50,50.1,50.4,50.4,50.6,50.6,50.7,50.8,50.8,50.9,51,52,52.6,52.7
"Hong Kong, China",Employment,62.5,61.5,60.9,60.7,59.9,59.8,59.9,58.5,57.4,58.2,58.1,57.1,56.4,57,57.5,57.9,58.4,58.2,57.1,56.6,57.5,58.2,58.8,58.7,58.8,58.6,58.5,58.4,58.1,57.6,57.1,56.4
Honduras,Employment,62.7,63.9,64,64.1,64.2,63.6,64.5,64.3,64.5,63.1,61.7,60.5,58.6,57.1,56.6,59.4,60.4,61.3,62,61.7,60,59,60.9,62,64.7,64.9,65,65.1,65.1,65.1,65.2,65.2
Croatia,Employment,51.2,50.9,50.6,49.5,49.5,49.6,49.2,48.1,46.6,45,44.9,44.4,45,46.2,46.6,46.9,47.8,48.7,48.4,46.6,44.8,43.2,42.1,43.4,44.3,44.7,45.6,46.5,46.6,46.5,46.3,46.1
Haiti,Employment,62,61.6,61.3,60.9,61.2,60.6,60.1,59.6,59.2,58,57.1,56.5,55.9,54.9,54.8,54.3,54.1,54.5,55.5,55.4,57.2,57.2,57.7,57.9,58.1,58.3,58.6,58.9,59.2,59.5,59.7,60
Hungary,Employment,49.3,49,46,45,44.4,43.3,43,43.6,45.4,45.8,46,46,46.7,46.5,46.5,46.8,46.6,46.1,45,44.9,45.2,45.9,46.8,49.5,51.1,52.9,53.3,53.4,53.3,53.2,53.1,53
Indonesia,Employment,62.5,63.3,63.3,63.2,63.2,63.1,62.8,63.1,63.3,63.4,63.6,63.3,63.4,63.1,62.3,62.4,62.1,62.6,63.6,64.1,64.2,64.5,64.4,64.4,62.9,63.6,63.5,63.3,63.1,63,62.8,62.7
India,Employment,58.3,58.4,58.4,58.6,58.2,57.9,57.5,57.2,56.9,56.5,56.7,57,57.4,57.6,58,57,56,55,54.2,53.4,52.7,52,52.1,52.1,52.1,52,51.9,51.8,51.6,51.5,51.3,51.2
Ireland,Employment,44.9,44.4,44.7,45.8,47.4,48.3,49.7,52.6,55.1,56.8,57.3,57.4,57.5,57.9,59.8,60.5,60.9,59.5,54.7,52.7,51.7,51.4,52.7,53.5,54.6,55.6,56.2,56,55.6,55.3,55.1,54.9
Iran,Employment,40.5,40.2,40,39.7,39.4,39.1,38.8,38.6,38.4,38.5,38.4,39.5,40.7,41.8,41.7,41.2,40.6,38.7,38.6,37.3,37.5,37.2,37.6,37.2,38.1,38.8,38.6,38.5,38.3,38,37.7,37.3
Iraq,Employment,38,38.3,38.5,38.2,38.1,38.7,38.6,38.6,38.4,38,37.8,37.7,38,37.8,39,40.4,41.6,43,43,42.9,42.9,42.6,42.5,42.7,42.8,42.6,42.7,42.8,43,43.1,43.2,43.3
Iceland,Employment,72.3,72,70.5,70.5,72.7,72.8,71.9,73.7,75.5,76.8,76.6,74.7,73.7,73.3,73.8,74.5,75,73.8,69.3,69.2,69.1,69.9,71.1,72.5,74,75.4,75.2,74.7,74.2,73.6,73.1,72.5
Israel,Employment,51.2,51.2,53.1,55.5,56.4,56,54.8,53.9,53.9,54.4,54,52.7,52.6,53.3,54.7,55.5,56.8,57.9,56.8,57.7,58.4,59.2,59.8,60.4,60.8,61.1,61.4,61.6,61.6,61.6,61.5,61.5
Italy,Employment,45.5,44.2,43.4,42.4,41.8,41.8,41.7,41.8,42.2,42.6,43.4,44,44.5,45.7,45.2,45.6,45.7,45.6,44.5,44,43.9,43.5,42.4,42.4,42.6,43.1,43.2,43.3,43.1,43,42.7,42.5
Jamaica,Employment,58,58.6,58.2,59.2,58.2,57.8,57,56.8,56.4,56.3,56.5,56.7,58.2,58.3,58.8,59.7,60,59.4,58.8,58.2,58,57.3,56.5,57.6,57.8,58.2,58.9,59.1,59.5,59.8,60.2,60.4
Jordan,Employment,33,32.8,33.5,34.6,36.4,36.8,36.7,36.6,36.5,36.3,35.8,35.2,35,35,34.8,35,36.5,36.5,37.1,36.6,35.9,35.4,34.3,34.5,34,33.2,33.3,33.3,33.3,33.3,33.2,33.1
Japan,Employment,62.6,62.8,62.4,62,61.6,61.6,61.7,60.9,60.1,59.6,59.1,58.2,58,57.8,57.9,58,58.4,58.2,57.3,57,56.8,56.7,57.2,57.7,58,58.6,58.5,58.5,58.4,58.1,57.9,57.7
Kazakhstan,Employment,70.4,70.4,70.5,66.1,63.7,62.2,62.1,62,61.7,62,63.2,63.7,63.7,63.4,63.8,64.3,64.9,65.7,65.4,66.3,66.6,66.7,66.9,67.3,67.4,67.5,67.5,67.3,66.9,66.5,65.8,65.1
Kenya,Employment,66.1,65.9,65.7,65.5,65.2,65,64.9,64.7,64.6,63.6,62.5,61.4,60.3,59.2,58,58.1,58.2,58.4,57.8,58,58.1,58.1,58.1,58,58,57.9,57.9,57.9,57.9,57.9,57.9,57.8
Kyrgyz Republic,Employment,59.2,59.9,60.3,60.8,60.8,59.6,59.4,59.4,59.4,59.4,59.2,56.3,57.6,58.2,59.6,60.3,59.8,59.2,58.5,58.5,59,58.5,57.3,57.4,57.7,57.2,57.2,57.1,56.9,56.7,56.4,56
Cambodia,Employment,79.5,79.8,80.1,80.1,80,79.7,78,75.9,77,76.7,81.7,81,80.1,78.7,79.9,81.1,82.6,83.8,84.6,85.1,85,84.8,84.5,84.5,84.3,84.2,84.5,84.7,84.9,85.1,85.2,85.3
South Korea,Employment,58.9,59,58.7,59.7,60.4,60.8,60.9,56.5,56.8,58.4,58.8,59.8,59.2,59.8,59.8,59.8,59.9,59.5,58.4,58.5,58.8,59.2,59.4,60.1,60.2,60.3,60.3,60.3,60.3,60.2,60,59.8
Kuwait,Employment,64,64.5,65.3,66.4,66.7,67.2,66.9,66.7,66.7,66.7,66.5,66.4,66.7,66.9,67.2,67.5,67.4,67.5,68.3,68.7,67.7,67.9,68.1,68.5,68.9,68.1,67.6,67.2,66.9,66.6,65.9,65.2
Lao,Employment,79.1,79.1,79.1,78.9,78.9,78.9,78.8,78.8,78.7,78.6,78.5,78.4,78.2,78.1,77.7,77.7,77.6,77.6,77.5,77.5,77.5,77.5,77.6,77.6,77.7,77.6,77.7,77.8,77.9,78,78,77.9
Lebanon,Employment,40.1,40,40,39.9,39.9,39.8,40.1,40.1,40.4,40.7,41.2,41.6,42.1,42.3,42.4,42.5,42.4,42.7,43,42.8,42.9,43.1,43.4,43.6,43.8,44,44.1,44.1,44.1,44.1,44.1,44.1
Liberia,Employment,53.3,53.6,53.8,53.9,54,53.8,53,52.7,52.5,52.1,52.2,52.3,52.8,52.9,52.9,53,53.1,53.7,54.2,55.1,55.1,55,54.8,54.7,54.6,54.4,54.3,54.3,54.2,54.2,54.2,54.2
Libya,Employment,39,39.4,39.5,39.5,40.1,39.6,39.9,40,40.3,40.4,40.8,41,40.9,41.6,41.8,42.4,42.8,43.2,43.7,43.8,44.2,43.3,43,42.8,42.8,42.8,43.2,44.2,44.6,44.4,44.3,44.2
St. Lucia,Employment,51.5,52.4,52.1,52.5,53,53.1,50.5,49.8,52.1,53.2,55.5,51.2,50.5,51.9,53.8,56,57.6,58.6,56.8,53.1,54.5,54.5,52.6,52.4,51.6,53.7,54,54.5,54.9,55.1,55.2,55.2
Sri Lanka,Employment,51.2,49.2,49.6,50.2,48.8,49.5,50,54.1,52.8,52.5,52.3,51.7,51.9,51.7,52,52.6,52.8,53,52.5,52,52.1,51.4,52.6,51.7,51.4,51.4,51.4,51.1,50.8,50.6,50.3,50.1
Lesotho,Employment,48,50.3,46.2,47.2,43.7,47.9,45.3,41.6,54,56.7,52.3,47.2,49.9,44,44.2,45.4,45.1,44.3,44.7,50.2,48.2,51.2,49.9,49.8,48.3,47.9,48.4,47.6,47.9,47.8,48,48.1
Lithuania,Employment,51.3,51.6,51.3,51.2,50.9,51.4,52.5,52.5,52.9,50.5,48.8,50.5,52.4,51,51.5,52,53.2,52.6,48.8,46.8,48.9,50.4,51.4,52.8,53.9,55.8,56.3,56.4,56.4,56.4,56.4,56.3
Luxembourg,Employment,51.1,51.6,50.9,50.3,48.8,49.1,49.7,49.8,50.8,52.1,51.9,52.5,51.2,51.3,52.3,52.7,52.7,52.2,54.3,54.5,54.1,55,54.9,55.6,55.4,54.3,54.7,54.7,54.8,54.8,54.7,54.6
Latvia,Employment,49.7,49.9,49.2,47.4,48.1,47.4,51,50.3,49.6,48.1,48.5,49.8,50.1,50.5,51.5,54.9,56.6,56.7,49.6,47.5,49.1,50.8,52.4,52.9,54.3,54.9,55.3,55.2,55,54.8,54.6,54.3
"Macao, China",Employment,55.9,57,57.2,57,57.8,64.8,64.8,63.2,61.6,60.9,61.7,59.9,58.5,60.1,61.7,63.7,66.6,67.8,67.9,68.8,69.5,69.5,69.8,70.6,70.3,69.4,69.4,69.4,69.2,69,68.5,68
Morocco,Employment,42.1,43,43.2,41,39.6,41.6,42.5,41.1,43.8,44.1,44.4,44.6,44.8,45.5,45.2,45.5,45.4,45.1,45.3,45.3,45.4,44.7,44.7,44.5,44.3,44.5,44.4,44.3,44.2,44,43.9,43.7
Moldova,Employment,45.8,46.1,46,47.5,46.9,45.7,45.4,45.5,45.4,46.6,46.9,46.8,46,45.8,45,43.6,43.4,42.6,40.2,38.9,39.5,38.5,39.4,39.7,42.5,41,40.6,40.2,39.9,39.5,39,38.6
Madagascar,Employment,81.6,81.6,81.5,81.5,81.5,81.5,81.5,81.6,81.6,81.6,82,82.4,82.8,83.7,84.6,85,85.2,85.4,85.6,85.6,86.7,87.8,87.1,86.2,85,84.8,84.9,85.1,85.2,85.3,85.4,85.5
Maldives,Employment,49.3,49.6,49.9,50.2,50.5,51,51.5,52,52.6,53.2,54.6,56.3,58.1,59.8,61.4,63.4,63.1,63,62.6,63,63.1,63.1,63.5,63.5,62.8,62,62.5,63,63.4,63.7,63.9,64
Mexico,Employment,56.9,57.5,58.1,57.4,55.7,56.7,58.8,59,58.9,58.8,58.2,58.2,57.6,58.5,58.9,59.6,59.7,59.2,58.3,58.1,58.2,59,58.8,58.3,58.7,58.9,59.2,59.3,59.3,59.3,59.3,59.3
North Macedonia,Employment,35.6,35.5,35.4,35.2,35.1,34.8,34.6,35.1,35.9,36,37,36.3,33.9,32.2,33.2,34.5,35.4,36.5,37.6,37.8,38.1,38,39.6,40.2,41,41.9,42.7,42.7,42.8,43,43.1,43.3
Mali,Employment,49,49,49,48.9,48.9,49,49.1,48.7,48.4,48,47.7,47.5,47.2,46.9,48.6,50.2,51.5,54,56.5,59.7,62.1,63.5,64.8,66.7,65.7,65.6,65.8,66,66.2,66.5,66.7,67
Malta,Employment,47.1,46.7,46.6,46.1,46.6,46.1,46.3,46.2,46.4,46.8,46.9,46.6,46,44.7,45,45.2,46.1,46.4,46.1,46.7,47.7,48.4,49.4,50.6,51.3,52,52.3,52.2,52.1,51.9,51.8,51.6
Myanmar,Employment,72.7,72.5,72.4,72.2,72,71.9,71.8,71.6,71.3,70.9,70.6,70.2,69.8,69.4,68.9,68.5,68.1,67.7,67.3,66.8,66.6,66.2,65.9,65.5,65.1,64.8,64.6,64.3,64.1,63.9,63.7,63.6
Montenegro,Employment,38.7,39.1,39.1,35.9,36.6,35.1,36.7,36.4,37.1,35,36.1,35.8,35.6,35.3,35.3,37.9,40.5,41.5,40.3,39.7,39.4,39.7,39.7,40.2,40.3,40.1,40.7,40.4,40.2,39.9,39.6,39.4
Mongolia,Employment,52.2,52.9,54.1,54.1,56.3,55.8,55.3,56.5,57.3,57.6,57.5,56.6,55.7,57.3,57.3,57.2,54.8,55.7,55.7,55.1,57.2,57.1,57.3,57.4,57.4,55,55.2,55.4,55.5,55.5,55.3,55
Mozambique,Employment,63.4,65.2,65.1,65.1,65.3,65.1,65.1,65.7,66.2,66.6,66.8,67.1,67.2,66.9,66.6,66.2,65.8,65.2,64.5,63.7,62.7,61.5,60.9,59.1,59,59,59,59.1,59.1,59.1,59.2,59.4
Mauritania,Employment,46.5,46.5,46.3,46.5,46.2,46.2,46.3,46.2,46,46.1,46,45.8,45.6,45.5,45.3,45.1,45.1,45,44.9,44.7,44.6,44.4,44.4,44.4,44.5,44.5,44.5,44.5,44.5,44.5,44.5,44.5
Mauritius,Employment,53.8,53.9,54,54.1,54.2,54.4,54.7,55,55.3,55.6,56,55.3,54.4,53.3,53,53.1,52.8,53.5,53.3,53.7,53.1,53.3,53.9,54.6,54.9,54.7,54.5,54.3,54.1,53.9,53.9,53.8
Malawi,Employment,71.2,71.4,71.1,71.3,71.1,71.2,71.3,71.4,71.4,71.5,71.4,71.3,71.2,71.1,71.1,71.3,71.4,71.7,71.9,72.1,72.4,72.7,72.9,72.7,72.5,72.3,72.4,72.6,72.7,72.8,72.8,72.9
Malaysia,Employment,59.9,59.9,60.2,60.1,59.9,60.1,60.1,59.9,59.7,59.9,59.5,59.3,59.1,59,59,58.9,58.8,58.1,58.2,58.3,59.5,60.5,61.8,62.2,62.3,62.1,62.3,62.5,62.7,62.8,62.9,63
Namibia,Employment,45.7,45.7,45.8,45.6,45.3,44.9,44.1,44.6,45,45,45.2,45.3,45.4,44.9,45,45.1,45.2,45.2,45.3,45.9,47,49.8,48.9,49.6,49.1,47,47.3,47.7,48.1,48.5,48.8,49.2
New Caledonia,Employment,52.4,52.7,53.2,53.6,54,54.3,54.7,55.1,55.5,55.7,55.9,56,56.2,55.1,55.2,55.2,55.1,55,54.8,54.3,54,53.9,53.8,53.8,53.8,53.7,53.5,53.3,53.2,53.1,52.9,52.7
Niger,Employment,74.6,74.6,74.5,74.4,74.4,74.9,75.4,75.9,76.5,77.1,77.6,77.4,77.1,76.9,76.6,76.8,77.2,77.6,78.1,78.5,78.9,78.8,78.8,78.7,78.7,78.6,78.6,78.6,78.6,78.6,78.6,78.6
Nigeria,Employment,53.4,53.3,53.6,53.4,53.2,53.1,53,52.9,52.8,52.6,52.6,52.6,52.6,52.3,52.4,52.5,52.5,52.6,52.7,52.8,52.9,53,53.1,52.6,52.7,51.3,51.3,51.3,51.2,51.2,51.2,51.2
Nicaragua,Employment,51.4,51.2,50.6,50,49.1,50.1,52,52.1,54.3,55.7,57.9,54.5,57.5,58.3,59.1,59.3,60,59.6,58.8,59.4,60.6,61.8,62.1,63,63.3,63.5,63.7,63.8,63.8,63.9,63.9,64
Netherlands,Employment,52.8,54.1,53.8,54,54.3,55.2,56.9,58.3,59.5,61.1,62.1,62.5,61.8,61.3,61.3,62.2,63.5,64.3,64.1,61.8,60.9,60.8,59.8,59.3,59.7,59.9,60.4,60.9,61,60.8,60.6,60.4
Norway,Employment,58.6,58.2,58,58.8,59.2,61.2,62.8,64.4,64.5,64.6,64.4,64.4,63.1,62.9,62.6,63.4,64.7,65.7,64.4,63.4,63.1,63.3,62.8,62.5,62.1,61.4,61.6,61.6,61.5,61.4,61.3,61.1
Nepal,Employment,81.7,81.8,82,82.2,82.3,82.3,82.8,83.4,84.4,84.2,84,83.7,83.5,83.3,82.9,82.6,82.3,81.9,81.6,81.4,81.3,81.2,81.1,81.5,81.5,81.7,81.9,81.9,81.9,81.9,81.9,82
New Zealand,Employment,56.7,56.2,56.7,58.4,60.1,60.9,60.4,59.5,60,60.7,61.8,62.6,62.7,63.7,64.6,65.1,65.5,65.1,63.6,63.1,63.5,63,63.7,64.7,64.7,65.8,65.8,65.6,65.4,65.3,65.2,65
Oman,Employment,55,56.1,57,57.9,58.3,57,55.5,54.2,53.4,52.7,52.5,52.7,53,53.3,53.7,54.2,55,56.2,57.7,59.4,61.1,62.7,64.3,66,67.3,67.6,67.9,68.4,68.9,69.3,68.8,68.3
Pakistan,Employment,47.6,47.9,47.8,48.2,46.7,47.1,47.5,47.5,47.6,47.4,46.8,46.7,46.9,47.8,48.6,50.4,50.6,50.5,50.8,51.2,51.2,51,50.7,51.2,51.3,52.3,52.2,52.2,52.2,52.2,52.1,52
Panama,Employment,49.4,51.1,52.8,52.7,53.6,53.4,54.1,53.8,55.3,54.4,53.9,54.6,55.1,56.3,57.9,57.9,59.9,61.9,62.1,61.6,61.1,62.4,63.6,62.9,63.5,64,63.9,63.9,63.8,63.7,63.7,63.6
Peru,Employment,55.2,56.1,57.7,59,60.6,61.9,63.9,64,65.2,63.7,66.4,67.8,69.7,70.8,71.9,73.5,74.6,74.8,75.3,76.3,75.9,76.1,75.4,74.9,73.8,73.6,73.9,74.2,74.5,74.8,75.1,75.4
Philippines,Employment,60,60.3,60.3,60.2,60.2,60.1,60,60.3,60.2,60.1,60.2,60.1,60.1,59.7,59.7,59.6,60,59.7,60,60.1,60.8,60.4,60.1,60.7,60.5,60.6,60.9,61.2,61.4,61.4,61.5,61.6
Papua New Guinea,Employment,70,69.4,68.6,68.5,68.9,68.6,69,69.4,69.5,69.9,70.1,70.4,70.5,70.7,70.6,70.7,70.6,70.5,70.4,70.2,69.3,69,68.8,68.4,68.2,68.1,68.1,68,67.9,67.9,67.8,67.8
Poland,Employment,53.9,53.3,52.4,51.1,50.7,50.7,50.7,50.8,48.8,47.1,46.2,44.5,44.3,44.1,45.3,46.7,48.8,50.7,50.7,50.5,50.7,50.7,50.6,51.7,52.4,53.4,53.8,53.8,53.5,53.2,52.9,52.6
Puerto Rico,Employment,38.2,37.8,39,39.7,39.6,40.6,41.3,41.5,42.1,41.7,41.4,41.4,41.5,42.1,42,42.4,41.8,40.7,38.6,37.4,37.1,37.2,36.8,36.4,36.7,36.8,37.1,37.2,37.2,37,36.9,36.8
North Korea,Employment,75.9,75.9,76.5,77.2,76.8,78.8,78.7,78.7,78.7,78.5,78.4,78.2,78,77.9,77.8,77.5,77.4,77.4,77.2,77.2,77.1,77,77,76.9,76.9,76.7,76.6,76.6,76.6,76.5,76.4,76.2
Portugal,Employment,58.9,56.8,55.8,55,54.3,54.4,55.4,57.7,57.7,58.4,59,59.2,58.1,57.7,57.3,57.4,57.3,57.4,55.5,54.5,52.7,50.7,49.6,50.6,51.3,52.1,53,53.6,53.7,53.4,53,52.7
Paraguay,Employment,65.4,65.5,65.6,66.3,67.1,63.9,65.9,66,63.2,64.5,64.6,63.4,65.3,65.6,66.9,66.7,67.2,67.5,67.2,65.8,66,69.4,68.2,66,66.4,66.6,67.2,67.3,67.4,67.6,67.7,67.9
Palestine,Employment,33.5,33.6,33.7,33.6,33.6,30,31.4,33.5,34.6,33.8,29.2,26.4,29.4,29.6,31.2,31.4,32.9,31.5,31.3,31.2,33.6,33.3,33.1,32.4,33.7,33.3,33.3,33.8,34.2,34.5,34.8,35
French Polynesia,Employment,51.1,51.4,51.8,51.9,52.1,52.3,52.4,52.4,52.4,52.1,51.8,51.1,50.7,50.2,50,49.8,49.7,48.6,47.4,46.1,44.9,43.9,43.8,43.7,43.5,43.5,43.4,43.4,43.4,43.3,43.2,43.2
Qatar,Employment,76.6,76.4,76.3,76.4,76.4,75.9,75.3,74.8,74.4,74.2,74,74.7,75.8,77.7,79.3,80,81.7,83.3,84.8,86.3,85.6,85.5,85.9,86.6,87.4,87,86.8,86.7,86.9,87.1,86.6,86.1
Romania,Employment,63.2,63.3,63.2,63,62.9,61.5,62.4,61.4,60.9,59.8,58.7,52.6,51.6,50.8,49.6,50.5,50.8,50.8,50.1,51.1,50.2,50.9,50.5,51,50.6,50.4,50.6,50.4,49.9,49.6,49.3,49.1
Russia,Employment,62.8,63,60.9,57.8,56.2,55.2,52.7,51,53.6,55.4,55.2,56.4,55.8,56.4,57.1,57.4,58.8,59,57.7,58.4,59.3,60,60,60.2,60.1,60.3,60.2,60,59.7,59.3,58.9,58.5
Rwanda,Employment,89.2,88.9,88.3,87.7,87,86.7,86.5,86.6,86.6,86.5,86.3,86,85.4,84.9,84.5,84.3,84.3,84.3,84.3,84.2,84.1,83.9,84.8,85.6,85.4,85.2,85,84.9,84.8,84.7,84.5,84.4
Saudi Arabia,Employment,49.3,49.5,49.5,49.3,48.9,47.9,47.2,46.8,46.6,47.6,47.2,46.8,47,47.2,47.4,47.3,47.6,47.7,47.4,48.2,49.2,50.5,51.3,51.7,52.5,52.7,53,53.3,53.6,53.9,53.5,53.1
Sudan,Employment,43.4,43.5,43.8,44,44.2,44.5,44.3,44.1,43.8,43.6,43.5,43.3,43.1,42.9,42.7,42.4,42.2,41.8,41.4,41.4,41.2,41,40.9,40.8,40.7,40.7,40.6,40.5,40.4,40.4,40.3,40.3
Senegal,Employment,50.6,50.5,50.3,50.2,49.9,49.8,49.6,49.3,49.1,48.9,48.7,48.6,48,47.3,46.6,46.1,47,47.9,48.8,49.8,50.7,51.5,52.4,53.3,54.2,54.2,54.4,54.6,54.8,55.1,55.4,55.7
Singapore,Employment,62.2,61.9,62.3,62.7,62.9,62.8,63.5,62.6,61.6,62.3,62.2,60.2,60,60,60.6,61.9,62.9,63.8,63.6,64.8,65.1,65.6,65.6,66.3,67.7,67.4,67.1,67,66.9,66.5,66.1,65.7
Solomon Islands,Employment,69.6,69.1,69.1,68.8,68.6,68.9,69.2,69.4,69.7,70.8,71.4,71.7,71.6,71.5,71.3,71.2,71,70.8,71.2,70.9,70.4,70.3,70.2,70.2,70.1,70,70,70,69.9,69.9,69.8,69.8
Sierra Leone,Employment,62.6,62.7,62.6,62.5,62.4,62.3,62.3,62.2,62.1,62.1,62.3,62.1,62.1,63.6,62.7,61.9,61,60.2,59.4,58.6,57.7,56.9,56.1,55.3,55.5,55.4,55.3,55.3,55.2,55.1,55,54.9
El Salvador,Employment,56.3,56.3,55.9,58,57.3,56,55.6,57.9,57.9,57.2,56.7,56.9,58,56.8,56.5,57.3,57.9,58.1,57.1,58.3,58.9,59.4,59.9,59.2,59,58.4,58.6,58.9,59.2,59.4,59.7,59.9
Somalia,Employment,45.8,45.7,45.7,45.7,45.6,45.4,45.3,45.1,44.9,44.8,44.5,44.3,44.2,44.1,43.9,43.8,43.6,43.4,43.3,43.3,43.2,43.1,43.1,43.2,43.2,43.3,43.4,43.4,43.5,43.6,43.6,43.7
Serbia,Employment,50.4,50.5,50.3,49.5,49.4,49.3,48.7,48.6,48.9,49.2,48.8,47.9,46.9,44.8,43.2,43.1,44.6,46.3,43.7,41.1,39.2,39,40.6,42.4,42.7,45.7,46,46.2,46.4,46.5,46.5,46.5
South Sudan,Employment,65.4,65.6,65.5,65.5,65.2,65.3,65.2,65.5,65.5,65.5,65.4,65.3,65.3,65,64.9,64.8,64.7,64.6,64.5,64.3,64.6,64.7,63.4,63.8,63.7,64,64,64,64.1,64,63.9,64
Sao Tome and Principe,Employment,47.5,47.2,46.8,46.4,46.3,46.3,46.6,46.9,47.3,47.5,47,45.9,46.6,46.7,46.6,46.8,47.5,47.9,48.6,49.1,49.6,50.1,50.3,50.4,50.4,50.4,50.3,50.2,50.1,50.1,50,50
Suriname,Employment,38.7,41,41.9,43.6,45.8,45,45.4,45.5,44.1,44.7,45.8,46,46.7,47,47,47.5,47.7,48,48.2,49.1,49.6,50,50.9,49.8,49.7,49,49.1,49.1,49.1,49.1,49.1,49
Slovak Republic,Employment,58.1,56.2,54.7,51.8,52.1,53.4,52.6,52,49.9,48.4,48.7,48.6,49.9,49,49.9,51.2,52.2,53.6,51.7,50.3,50.7,50.9,50.8,51.5,52.8,54.2,54.9,55.2,55.1,54.9,54.7,54.4
Slovenia,Employment,54.8,54.3,53.4,53.3,53.7,53.6,54.5,54.9,53.8,53.4,54.3,54.6,52.8,55.4,55.4,55.8,56.9,56.9,55.9,54.9,53.3,52.6,51.6,52.1,52.2,52.1,52.6,52.3,52,51.6,51.2,50.7
Sweden,Employment,64.8,61.7,57.9,57.1,58,57.5,56.6,57.2,58.2,59,60.1,60,59.5,58.9,58.8,58.8,59.7,59.9,58,57.7,58.4,58.4,58.7,58.9,59.2,59.5,59.7,60,60.1,60,59.8,59.6
Eswatini,Employment,42.1,42.3,42.4,42.5,42.5,42.2,41.7,41.6,41.4,41.2,41.1,41,41,40.9,40.9,40.9,37.6,37.7,37.8,38,38.3,38.6,38.9,39.3,39.6,39.8,40,40.1,40.2,40.3,40.4,40.5
Syria,Employment,50.1,49.3,49,48.9,49,48.1,47.2,46.5,46.4,45.4,44.2,43.8,44,43.2,42.3,41.9,40.8,39.8,39.5,39.4,36.6,36.5,36.3,36,35.5,35.3,34.9,34.6,34.3,33.9,34,34.1
Chad,Employment,68.3,68.3,68.4,68.3,68.3,68.4,68.4,68.4,68.4,68.4,68.4,68.4,68.4,68.3,68.2,68.2,68.1,68.1,68,67.8,67.7,67.6,67.5,67.4,67.2,67,67,66.9,66.9,66.9,66.9,66.9
Togo,Employment,80.8,80.8,80.8,80.5,80.3,80,79.7,79.5,79.3,79.2,79.1,79.1,79.1,79.1,79.1,79.2,78.8,78.3,77.8,77.2,76.5,76.5,76.5,76.5,76.4,76.3,76.1,76,75.9,75.7,75.6,75.4
Thailand,Employment,73.4,74.1,73.7,73.5,73.8,74.1,74.3,71.7,71,71.7,71.7,72.1,72.1,72.2,72.4,71.9,72.3,72.3,71.8,71.9,72.8,72.3,70.9,70.2,68.7,68.1,67.8,67.5,67.2,67,66.8,66.5
Tajikistan,Employment,53.1,53.7,53.7,53.5,53.4,51.3,51.3,51.6,51.4,51.6,51.8,51.6,51.6,51.6,51.8,52,52.1,52.2,52.2,52.2,52.6,52.8,52.9,53,53.1,53.1,53.2,53.2,53.2,53.1,53,52.8
Turkmenistan,Employment,60.3,60.7,60.8,60.9,61,60.3,60.4,60.7,60.7,60.9,61,60.9,61,61,61.1,61.2,61.3,61.4,61.5,61.6,62,62.4,62.7,62.9,63.1,63.2,63.2,63.2,63.1,63,62.9,62.8
Timor-Leste,Employment,56.8,56.9,57,57,56.8,56.4,55.9,55.7,54.9,53,52,50.7,49,47.4,45.6,44.4,42.6,41.7,40.8,40.1,39.6,39.2,38.7,38.3,37.9,37.7,37.4,37.2,37,36.8,36.7,36.5
Tonga,Employment,56.1,57.4,58.5,59.2,58.6,58.3,57.9,57.3,56.8,56.4,56.4,56.4,56.5,57.4,58.2,59.6,59.7,59.6,59.4,59.2,59.1,59.1,59.2,59.1,58.9,58.8,58.8,58.8,58.8,58.7,58.7,58.7
Trinidad and Tobago,Employment,45,45.8,46.7,48.4,49.8,51.1,52,52.6,53.2,53.8,54.5,54.9,55.9,58.3,59.5,60.6,60.8,61.3,60.2,60,60.7,60.3,61,61.3,60.6,59.6,59.1,58.7,58.3,58,57.6,57.2
Tunisia,Employment,40.7,40.6,40.6,40.6,40.6,40.7,40.7,40.4,40.1,40,40,39.6,39.7,39.6,40,40.5,40.8,41,40.1,40.6,38.3,39.2,39.9,40.2,40,39.8,39.7,39.6,39.5,39.3,39.1,38.9
Turkey,Employment,51.8,50.7,46.9,49.4,49.4,49.5,48.2,48.3,47.7,45.6,44.5,43.3,42,41,41.1,41.1,41.1,41.3,40.8,42.6,44.5,44.8,45.3,45.2,45.8,46.2,45.8,45.7,45.5,45.4,45.3,45.1
Taiwan,Employment,58.5,58.6,58.1,58.1,57.8,57,56.8,56.6,56.2,56,54.6,54.3,54.4,55.1,55.4,55.8,56.1,55.9,54.5,55.1,55.8,56.1,56.2,56.4,56.6,56.3,56,55.7,55.3,54.9,54.6,54.3
Tanzania,Employment,80.6,80.4,80.3,80.1,79.8,79.7,79.5,79.3,79.1,79,78.7,80,79.8,79.6,79.4,79.3,79.8,80.2,81,80.6,80.3,80.7,81,81.7,81.6,81.5,81.5,81.4,81.4,81.4,81.4,81.4
Uganda,Employment,69.2,69.2,69,68.9,68.7,68.5,68.4,68.2,68,67.9,67.8,67.7,68,68.5,69.1,68.8,68.4,68.1,67.8,68,68.2,68.5,69.6,69.5,69.4,69.2,69.2,69.2,69.2,69.3,69.3,69.3
Ukraine,Employment,56.5,56.5,56.5,56.6,56.4,54.5,53,50.8,49.7,50.3,49.8,50.4,50.5,50.5,51.1,51.2,51.4,51.4,50.1,50.5,50.9,50.8,51.5,49.2,49.6,49.4,49.1,49.1,49,48.9,48.6,48.3
Uruguay,Employment,54.9,55.7,55.5,56.1,56.1,55,55.4,56.5,55.8,54.6,54.5,52.7,52.4,54.7,55.2,57.4,58.5,59.8,60.5,60.8,61.7,61.2,60.7,61.1,60.1,59.6,59.7,59.8,59.8,59.8,59.9,59.9
United States,Employment,60.6,60.4,60.7,61.6,62.1,62.4,63,63.3,63.6,63.8,62.9,61.9,61.4,61.4,61.8,62.2,62,61.2,58.4,57.5,57.4,57.8,57.9,58.4,58.7,59.1,59.2,59.1,58.9,58.6,58.4,58.1
Uzbekistan,Employment,58.1,58.4,58.4,58.5,58.5,57.5,57.5,57.6,57.7,57.7,57.8,57.8,57.8,57.9,58,58.1,58.3,58.4,58.6,58.9,59.1,59.4,59.7,60,60.2,60.6,60.9,61.2,61.3,61.4,61.4,61.3
St. Vincent and the Grenadines,Employment,50.2,51.1,51.1,50.8,52,51.7,52.3,52.8,52.7,52.9,52.3,53.5,54.2,54.6,55,56,56.2,55.9,56.1,56.2,56.5,56.8,57.1,56.9,57,56.9,56.8,56.8,56.8,56.7,56.7,56.5
Venezuela,Employment,56,57.4,58.3,57.2,56.4,55.6,56.3,56.5,54.3,55.3,55.9,53.5,52.9,55.4,57.5,59.4,60.1,60.6,59.9,59.3,59.7,59.5,59.6,59.9,59.9,59.1,58.8,58.6,58.7,58.5,58.4,58.2
Virgin Islands (U.S.),Employment,60.3,60.3,60.9,59.7,60.2,60.3,59.9,60.6,60.2,60.9,60.2,61.1,59.7,59.9,59.9,60,59.9,59.5,58.8,59,58,57.3,57.2,57,56.7,56.5,56.3,56.1,55.9,55.7,55.5,55.2
Vietnam,Employment,76.1,76.1,76.1,76,75.9,75.8,75,75.4,75.4,75.4,74.9,75.4,75.2,75.3,75,74.9,74.7,74.8,74.6,74.9,75.7,76.3,76.6,77.1,76.8,76.6,76.6,76.5,76.4,76.2,75.9,75.7
Vanuatu,Employment,66.5,66.5,66.6,66.3,66.4,66.3,66.1,65.9,66,65.7,66.1,66.5,66.5,66.5,66.4,66.2,66.1,66.1,66.3,66.6,66.6,66.6,66.7,66.7,66.9,66.8,66.8,66.9,67,67,66.9,66.7
Samoa,Employment,33.6,33.8,33.7,33.9,33.4,33.2,33.3,33.2,33.1,32.7,32.2,32.3,32.3,32.3,32.3,32.4,31.7,31.4,31.3,31,30.4,29.3,29.4,29.3,29.2,28.9,28.9,28.9,28.8,28.7,28.6,28.5
Yemen,Employment,40.7,41,41.3,41.4,41.6,41.6,41.6,41.5,41.5,40.2,39,37.9,36.8,35.9,35.5,35.1,34.7,34.4,34.1,32.5,32.2,32.3,32.2,32,32.4,32.8,32.6,32.5,32.5,32.4,32.3,32.2
South Africa,Employment,42.8,42.8,42.8,42.7,44.3,42,41,39.8,39.6,40.7,39.5,38.5,38.5,40.1,40.8,41.7,42.2,43.3,41.3,39.4,39.4,39.6,40.1,40.1,40.9,40.2,39.8,39.8,39.6,39.8,39.9,40
Zambia,Employment,64.6,64.2,63.8,64.7,65.6,67.4,68.6,69.7,69.3,68.9,69.4,69.9,70.4,70.9,71.3,71.3,71.2,71.6,69,66.4,68.3,69.4,69.3,69.2,69.1,69,69,68.9,68.9,68.9,68.9,68.9
Zimbabwe,Employment,71,71.1,70.8,70.5,69.9,69.3,68.4,67.7,66.9,69.2,71.7,74.2,76.5,78.8,78.7,78.6,78.6,78.6,78.4,78.3,78.3,78.5,78.7,78.9,79,79.1,79.4,79.7,79.9,80.2,80.4,80.6